﻿{
   "CodeGenerationMode": 4,
   "ContextClassName": "DB_128040_practiceContext",
   "ContextNamespace": null,
   "FilterSchemas": false,
   "IncludeConnectionString": true,
   "MinimumProductVersion": "2.6.1186",
   "ModelNamespace": null,
   "OutputContextPath": null,
   "OutputPath": "Models",
   "PreserveCasingWithRegex": true,
   "ProjectRootNamespace": "Database_SelectingData",
   "Schemas": null,
   "SelectedHandlebarsLanguage": 2,
   "SelectedToBeGenerated": 0,
   "T4TemplatePath": null,
   "Tables": [
      {
         "Name": "[dbo].[__MigrationHistory]",
         "ObjectType": 0
      },
      {
         "Name": "[dbo].[Anime]",
         "ObjectType": 0
      },
      {
         "Name": "[dbo].[Course]",
         "ObjectType": 0
      },
      {
         "Name": "[dbo].[Customer]",
         "ObjectType": 0
      },
      {
         "Name": "[dbo].[Director]",
         "ObjectType": 0
      },
      {
         "Name": "[dbo].[FootballSchedule]",
         "ObjectType": 0
      },
      {
         "Name": "[dbo].[Manufacturer]",
         "ObjectType": 0
      },
      {
         "Name": "[dbo].[Movie]",
         "ObjectType": 0
      },
      {
         "Name": "[dbo].[Registration]",
         "ObjectType": 0
      },
      {
         "Name": "[dbo].[Spotify]",
         "ObjectType": 0
      },
      {
         "Name": "[dbo].[Student]",
         "ObjectType": 0
      }
   ],
   "UiHint": null,
   "UncountableWords": null,
   "UseAsyncStoredProcedureCalls": true,
   "UseBoolPropertiesWithoutDefaultSql": false,
   "UseDatabaseNames": false,
   "UseDatabaseNamesForRoutines": true,
   "UseDateOnlyTimeOnly": true,
   "UseDbContextSplitting": false,
   "UseDecimalDataAnnotationForSprocResult": true,
   "UseFluentApiOnly": true,
   "UseHandleBars": false,
   "UseHierarchyId": false,
   "UseInflector": true,
   "UseInternalAccessModifiersForSprocsAndFunctions": false,
   "UseLegacyPluralizer": false,
   "UseManyToManyEntity": false,
   "UseNoDefaultConstructor": false,
   "UseNoNavigations": false,
   "UseNoObjectFilter": false,
   "UseNodaTime": false,
   "UseNullableReferences": false,
   "UsePrefixNavigationNaming": false,
   "UseSchemaFolders": false,
   "UseSchemaNamespaces": false,
   "UseSpatial": false,
   "UseT4": false,
   "UseT4Split": false
}